{
  "labels": [
    "0",
    "1",
    "2",
    "3",
    "4",
    "5",
    "6",
    "7",
    "8",
    "9",
    "A",
    "B",
    "C",
    "D",
    "E",
    "F",
    "G",
    "H",
    "I",
    "J",
    "K",
    "L",
    "M",
    "N",
    "O",
    "P",
    "Q",
    "R",
    "S",
    "T",
    "U",
    "V",
    "W",
    "X",
    "Y",
    "Z",
    "a",
    "b",
    "c",
    "d",
    "e",
    "f",
    "g",
    "h",
    "i",
    "j",
    "k",
    "l",
    "m",
    "n",
    "o",
    "p",
    "q",
    "r",
    "s",
    "t",
    "u",
    "v",
    "w",
    "x",
    "y",
    "z"
  ],
  "model_type": "cnn",
  "learning_rate": 0.00015,
  "seed": 44,
  "device": "mps",
  "samples_per_class": 3500,
  "include_chars74k": false,
  "include_usps": true,
  "warm_start": true,
  "per_class_accuracy": {
    "0": 58.50843444806156,
    "1": 48.265237776289354,
    "2": 84.61092595276047,
    "3": 98.50981515976501,
    "4": 89.3500984699288,
    "5": 90.85827030582045,
    "6": 90.21461803992196,
    "7": 98.67448025673224,
    "8": 93.56742848494021,
    "9": 81.22479462285287,
    "A": 98.21092278719398,
    "B": 97.22222222222223,
    "C": 68.54514088556641,
    "D": 94.22336328626444,
    "E": 97.29729729729729,
    "F": 53.333333333333336,
    "G": 96.19686800894854,
    "H": 97.69673704414588,
    "I": 50.732421875,
    "J": 84.98402555910543,
    "K": 80.10471204188482,
    "L": 97.28395061728395,
    "M": 68.41750841750842,
    "N": 98.96373056994818,
    "O": 36.11645813282002,
    "P": 68.6471009305655,
    "Q": 95.88377723970945,
    "R": 97.28059332509271,
    "S": 81.55644241733181,
    "T": 91.68781725888324,
    "U": 65.33466533466533,
    "V": 37.06030150753769,
    "W": 71.96029776674938,
    "X": 78.24074074074075,
    "Y": 71.42857142857143,
    "Z": 74.56896551724138,
    "a": 91.11922141119221,
    "b": 94.25556858147714,
    "c": 48.842592592592595,
    "d": 97.86096256684492,
    "e": 97.33626588465299,
    "f": 80.0,
    "g": 67.06281833616299,
    "h": 95.19945909398243,
    "i": 66.27634660421546,
    "j": 79.49526813880126,
    "k": 65.66523605150215,
    "l": 59.48717948717949,
    "m": 56.46551724137931,
    "n": 93.20337197049525,
    "o": 54.93562231759657,
    "p": 80.43478260869566,
    "q": 68.11881188118812,
    "r": 96.50862068965517,
    "s": 29.977116704805493,
    "t": 94.73861720067454,
    "u": 66.80497925311204,
    "v": 80.34188034188034,
    "w": 83.94004282655246,
    "x": 74.25531914893617,
    "y": 72.17847769028872,
    "z": 71.39689578713968
  },
  "history": [
    {
      "epoch": 1,
      "train_loss": 0.7947859142796468,
      "train_accuracy": 79.07195869099603,
      "test_loss": 0.766543276367649,
      "test_accuracy": 77.94780047972262,
      "digit_test_accuracy": 99.22,
      "upper_test_accuracy": 67.60033178076948,
      "lower_test_accuracy": 86.2522635721941,
      "seconds": 47.963948011398315,
      "overfit_gap": 1.1241582112734108
    },
    {
      "epoch": 2,
      "train_loss": 0.7793268394672265,
      "train_accuracy": 79.76763685267895,
      "test_loss": 0.7680463795700381,
      "test_accuracy": 78.34677770477269,
      "digit_test_accuracy": 99.14,
      "upper_test_accuracy": 71.07764946085625,
      "lower_test_accuracy": 85.69052810525149,
      "seconds": 37.92672300338745,
      "overfit_gap": 1.4208591479062562
    },
    {
      "epoch": 3,
      "train_loss": 0.7737047136840174,
      "train_accuracy": 79.86808680203889,
      "test_loss": 0.7740734397403656,
      "test_accuracy": 77.80926672102467,
      "digit_test_accuracy": 99.14,
      "upper_test_accuracy": 70.7969118866841,
      "lower_test_accuracy": 86.43704497579364,
      "seconds": 37.63798403739929,
      "overfit_gap": 2.0588200810142183
    },
    {
      "epoch": 4,
      "train_loss": 0.7634683332200778,
      "train_accuracy": 80.11796642813263,
      "test_loss": 0.7642942474734399,
      "test_accuracy": 78.57476469051558,
      "digit_test_accuracy": 99.18,
      "upper_test_accuracy": 70.74267849167357,
      "lower_test_accuracy": 86.20052477918622,
      "seconds": 36.66013431549072,
      "overfit_gap": 1.5432017376170535
    },
    {
      "epoch": 5,
      "train_loss": 0.7598750581175594,
      "train_accuracy": 80.39856215444387,
      "test_loss": 0.7558228238936393,
      "test_accuracy": 78.98007488739185,
      "digit_test_accuracy": 99.27,
      "upper_test_accuracy": 70.5767881069355,
      "lower_test_accuracy": 86.17465538268229,
      "seconds": 46.753819942474365,
      "overfit_gap": 1.418487267052015
    },
    {
      "epoch": 6,
      "train_loss": 0.7566091802160618,
      "train_accuracy": 80.40229789636221,
      "test_loss": 0.7591325222484527,
      "test_accuracy": 78.26919879990184,
      "digit_test_accuracy": 99.28,
      "upper_test_accuracy": 68.72966247687106,
      "lower_test_accuracy": 86.39269743892974,
      "seconds": 47.675888776779175,
      "overfit_gap": 2.13309909646037
    },
    {
      "epoch": 7,
      "train_loss": 0.7527760484461057,
      "train_accuracy": 80.52806787427983,
      "test_loss": 0.7579007682300383,
      "test_accuracy": 78.34123635442477,
      "digit_test_accuracy": 99.3,
      "upper_test_accuracy": 69.50488100555094,
      "lower_test_accuracy": 86.60334823903322,
      "seconds": 43.47494721412659,
      "overfit_gap": 2.186831519855062
    },
    {
      "epoch": 8,
      "train_loss": 0.7493261750471794,
      "train_accuracy": 80.72066612429228,
      "test_loss": 0.7576496726082217,
      "test_accuracy": 78.53360037364534,
      "digit_test_accuracy": 99.28,
      "upper_test_accuracy": 69.35813181905188,
      "lower_test_accuracy": 86.6144351232492,
      "seconds": 47.03675198554993,
      "overfit_gap": 2.187065750646937
    }
  ],
  "best_checkpoint": {
    "test_loss": 0.7558329903310345,
    "test_accuracy": 80.50236299011264,
    "digit_test_accuracy": 99.08,
    "upper_test_accuracy": 71.90072098513367,
    "lower_test_accuracy": 84.10140803429543,
    "source": "direct_eval_after_guarded_warm_start"
  }
}