{
  "labels": [
    "0",
    "1",
    "2",
    "3",
    "4",
    "5",
    "6",
    "7",
    "8",
    "9",
    "A",
    "B",
    "C",
    "D",
    "E",
    "F",
    "G",
    "H",
    "I",
    "J",
    "K",
    "L",
    "M",
    "N",
    "O",
    "P",
    "Q",
    "R",
    "S",
    "T",
    "U",
    "V",
    "W",
    "X",
    "Y",
    "Z",
    "a",
    "b",
    "c",
    "d",
    "e",
    "f",
    "g",
    "h",
    "i",
    "j",
    "k",
    "l",
    "m",
    "n",
    "o",
    "p",
    "q",
    "r",
    "s",
    "t",
    "u",
    "v",
    "w",
    "x",
    "y",
    "z"
  ],
  "model_type": "cnn",
  "learning_rate": 0.00012,
  "seed": 45,
  "device": "mps",
  "samples_per_class": 3500,
  "include_chars74k": false,
  "include_usps": false,
  "include_nist_sd19": true,
  "nist_samples_per_class": 800,
  "include_corrections": true,
  "warm_start": true,
  "per_class_accuracy": {
    "0": 58.50843444806156,
    "1": 48.265237776289354,
    "2": 84.61092595276047,
    "3": 98.50981515976501,
    "4": 89.3500984699288,
    "5": 90.85827030582045,
    "6": 90.21461803992196,
    "7": 98.67448025673224,
    "8": 93.56742848494021,
    "9": 81.22479462285287,
    "A": 98.21092278719398,
    "B": 97.22222222222223,
    "C": 68.54514088556641,
    "D": 94.22336328626444,
    "E": 97.29729729729729,
    "F": 53.333333333333336,
    "G": 96.19686800894854,
    "H": 97.69673704414588,
    "I": 50.732421875,
    "J": 84.98402555910543,
    "K": 80.10471204188482,
    "L": 97.28395061728395,
    "M": 68.41750841750842,
    "N": 98.96373056994818,
    "O": 36.11645813282002,
    "P": 68.6471009305655,
    "Q": 95.88377723970945,
    "R": 97.28059332509271,
    "S": 81.55644241733181,
    "T": 91.68781725888324,
    "U": 65.33466533466533,
    "V": 37.06030150753769,
    "W": 71.96029776674938,
    "X": 78.24074074074075,
    "Y": 71.42857142857143,
    "Z": 74.56896551724138,
    "a": 91.11922141119221,
    "b": 94.25556858147714,
    "c": 48.842592592592595,
    "d": 97.86096256684492,
    "e": 97.33626588465299,
    "f": 80.0,
    "g": 67.06281833616299,
    "h": 95.19945909398243,
    "i": 66.27634660421546,
    "j": 79.49526813880126,
    "k": 65.66523605150215,
    "l": 59.48717948717949,
    "m": 56.46551724137931,
    "n": 93.20337197049525,
    "o": 54.93562231759657,
    "p": 80.43478260869566,
    "q": 68.11881188118812,
    "r": 96.50862068965517,
    "s": 29.977116704805493,
    "t": 94.73861720067454,
    "u": 66.80497925311204,
    "v": 80.34188034188034,
    "w": 83.94004282655246,
    "x": 74.25531914893617,
    "y": 72.17847769028872,
    "z": 71.39689578713968
  },
  "history": [
    {
      "epoch": 1,
      "train_loss": 0.8167845066502798,
      "train_accuracy": 77.67287492276459,
      "test_loss": 0.7615690846596995,
      "test_accuracy": 79.25872564774427,
      "digit_test_accuracy": 98.25,
      "upper_test_accuracy": 71.9613347795572,
      "lower_test_accuracy": 84.82205550833365,
      "seconds": 55.49373698234558,
      "overfit_gap": -1.5858507249796787
    },
    {
      "epoch": 2,
      "train_loss": 0.7995355236444542,
      "train_accuracy": 78.46517786212375,
      "test_loss": 0.7569511427033332,
      "test_accuracy": 79.23497700339605,
      "digit_test_accuracy": 98.51,
      "upper_test_accuracy": 70.35985452689339,
      "lower_test_accuracy": 85.16944454710078,
      "seconds": 54.91988205909729,
      "overfit_gap": -0.7697991412723013
    },
    {
      "epoch": 3,
      "train_loss": 0.7902697547734212,
      "train_accuracy": 78.92523611969283,
      "test_loss": 0.746484947781409,
      "test_accuracy": 79.95218606271226,
      "digit_test_accuracy": 98.53,
      "upper_test_accuracy": 71.50194602182097,
      "lower_test_accuracy": 84.36379762740678,
      "seconds": 61.3750216960907,
      "overfit_gap": -1.0269499430194315
    },
    {
      "epoch": 4,
      "train_loss": 0.7855607477023447,
      "train_accuracy": 79.01703592550092,
      "test_loss": 0.7465049071658042,
      "test_accuracy": 80.07726225627954,
      "digit_test_accuracy": 98.69,
      "upper_test_accuracy": 72.1463663625343,
      "lower_test_accuracy": 84.82205550833365,
      "seconds": 47.365473985672,
      "overfit_gap": -1.0602263307786188
    },
    {
      "epoch": 5,
      "train_loss": 0.782893381101622,
      "train_accuracy": 79.11801571188984,
      "test_loss": 0.7391961654347758,
      "test_accuracy": 80.20867142167302,
      "digit_test_accuracy": 98.7,
      "upper_test_accuracy": 73.10023607477828,
      "lower_test_accuracy": 85.23596585239662,
      "seconds": 40.98943591117859,
      "overfit_gap": -1.090655709783178
    },
    {
      "epoch": 6,
      "train_loss": 0.7788267993240905,
      "train_accuracy": 79.39270897696179,
      "test_loss": 0.7475592162339918,
      "test_accuracy": 79.33551293113685,
      "digit_test_accuracy": 98.68,
      "upper_test_accuracy": 70.67887449754355,
      "lower_test_accuracy": 85.67204996489153,
      "seconds": 43.95075702667236,
      "overfit_gap": 0.05719604582493787
    },
    {
      "epoch": 7,
      "train_loss": 0.7770636124576596,
      "train_accuracy": 79.36199134963368,
      "test_loss": 0.7441354893868969,
      "test_accuracy": 79.72103259105626,
      "digit_test_accuracy": 98.7,
      "upper_test_accuracy": 71.82415619217763,
      "lower_test_accuracy": 85.42813851214014,
      "seconds": 37.99431777000427,
      "overfit_gap": -0.3590412414225739
    },
    {
      "epoch": 8,
      "train_loss": 0.775774891856763,
      "train_accuracy": 79.44002118457057,
      "test_loss": 0.7431001571878311,
      "test_accuracy": 79.65691125131607,
      "digit_test_accuracy": 98.74,
      "upper_test_accuracy": 71.01065526701971,
      "lower_test_accuracy": 85.52052921393991,
      "seconds": 42.7502658367157,
      "overfit_gap": -0.21689006674550626
    }
  ],
  "best_checkpoint": {
    "test_loss": 0.7558329903310345,
    "test_accuracy": 80.50236299011264,
    "digit_test_accuracy": 99.08,
    "upper_test_accuracy": 71.90072098513367,
    "lower_test_accuracy": 84.10140803429543,
    "source": "direct_eval_after_nist_guarded_warm_start"
  }
}